nome;url_home;http_status;rodape_credito;cdn_externo;url_listagem_candidata;robots_disallow_relevante
AdimóveisBH;https://www.adimoveisbh.com.br/;200;Desenvolvido por ;cdn.imoview.com.br,cdn.jsdelivr.net,cliente.portalunsoft.com.br,www.linkedin.com,www.tiktok.com,www.universalsoftware.com.br,www.youtube.com;<?= BASEURL ?>aluguel/?&pagina=1,<?= BASEURL ?>venda/?&pagina=1,https://cliente.portalunsoft.com.br/adimoveis;Disallow: /imovel-nao-encontrado/,Disallow: /obrigado-imovel-ideal/
Diego Garcia Imóveis;https://www.diegogarciaimoveis.com.br/;200;Desenvolvido por ;cdn.jsdelivr.net,cliente.portalunsoft.com.br,fonts.google.com,www.universalsoftware.com.br,www.youtube.com;https://calculadora.diegogarciaimoveis.com.br/,https://diegogarciaimoveis.com.br/,https://diegogarciaimoveis.com.br/aluguel;Disallow: /imovel-nao-encontrado/,Disallow: /obrigado-imovel-ideal/
Valore Imóveis;https://www.valoreimoveis.com.br/;200;Desenvolvido por ;app.pipefy.com,cdn.jsdelivr.net,cliente.portalunsoft.com.br,fonts.google.com,valoreimoveis.indicala.com.br,www.linkedin.com,www.portalunsoft.com.br,www.universalsoftware.com.br,www.youtube.com;https://blog.valoreimoveis.com.br,https://materiais.valoreimoveis.com.br/simulador-financeiro,https://valoreimoveis.indicala.com.br/indicacao?cupom=MATHEUS;Disallow: /imovel-nao-encontrado/,Disallow: /obrigado-imovel-ideal/
MG Galpões;https://www.mggalpoes.com.br/;200;Desenvolvido por ;cdn.jsdelivr.net,d335luupugsy2.cloudfront.net,fonts.google.com,www.linkedin.com,www.portalunsoft.com.br,www.universalsoftware.com.br,www.youtube.com;https://www.mggalpoes.com.br/aluguel,https://www.mggalpoes.com.br/aluguel/apartamento,https://www.mggalpoes.com.br/aluguel/casa;Disallow: /imovel-nao-encontrado/,Disallow: /obrigado-imovel-ideal/
Imobiliária Pampulha;https://imobiliariapampulha.com.br/;200;;gmpg.org,maps.googleapis.com,www.ciawebsites.com.br;https://imobiliariapampulha.com.br/aluguel-de-imoveis/,https://imobiliariapampulha.com.br/anuncie-seu-imovel/,https://imobiliariapampulha.com.br/categoria/alugar/;
Só Galpões;https://www.sogalpoes.com.br/;200;;cdn.jsdelivr.net,cliente.portalunsoft.com.br,gmpg.org,www.linkedin.com,www.youtube.com;https://sogalpoes.com.br/como-alugar,https://sogalpoes.com.br/como-comprar,'https://sogalpoes.com.br/detalhe-imovel/' + item.codigo;
BH Brokers Imóveis;https://www.bhbrokersimoveis.com.br/;200;Desenvolvido por ;cdn.jsdelivr.net,fonts.google.com,www.linkedin.com,www.portalunsoft.com.br,www.universalsoftware.com.br,www.youtube.com;https://materiais.bhbrokersimoveis.com.br/manual-do-inquilino-bh-brokers,https://www.bhbrokersimoveis.com.br/,https://www.bhbrokersimoveis.com.br/aluguel;Disallow: /imovel-nao-encontrado/,Disallow: /obrigado-imovel-ideal/
Carlos Imóveis;https://www.carlosimoveisltda.com.br/;200;Desenvolvido por: ;universalsoftware.com.br,www.google.com;https://www.carlosimoveisltda.com.br/,https://www.carlosimoveisltda.com.br/alugar/galpao/cidade/?/%22finalidade_imovel%22:%221%22,%22tipo_imovel%22:%2211%22,%22cidade%22:%22%22,%22bairros%22:%22%22,%22pagina%22:%221%22,%22valor_minimo%22:%22%22,%22valor_maximo%22:%22%22,%22area_minima%22:%22%22,%22area_maxima%22:%22%22,%22banhos%22:%22%22,%22vagas%22:%22%22,%22elevador%22:%22%22,%22interfone%22:%22%22,%22porteiro_fisico%22:%22%22,%22quartos%22:%22%22,%22dce%22:%22%22,%22mobiliado%22:%22%22,%22piscina%22:%22%22,%22sauna%22:%22%22,%22salao_festas%22:%22%22,%22academia%22:%22%22,%22box_despejo%22:%22%22,%22doca%22:%22%22,%22ponte_rolante%22:%22%22,%22condominio_fechado%22:%22%22,%22galeria%22:%22%22,%22frente_rua%22:%22%22,%22suites%22:%22%22,%22ordenacao%22:%22%22,https://www.carlosimoveisltda.com.br/cadastre-seu-imovel;
Casa Mineira;https://www.casamineira.com.br/;403;;;;
Casa Pampulha Imóveis;https://casapampulhaimoveis.com.br/;200;;cdn.loftsites.com.br,grupo.loft.com.br,loft-analytics.gtmcapital.com.br,loftcdn.gtmcapital.com.br,loftplugins.gtmcapital.com.br,plausible.io;/busca,/imovel/apartamento-itapoa-belo-horizonte-mg-3-quartos-81m2-1680,/imovel/apartamento-itapoa-belo-horizonte-mg-3-quartos-90m2-3711;Disallow: /busca/
Chave Certa Imóveis BH;https://www.chavecertaimoveisbh.com.br/;200;;objectstorage.sa-saopaulo-1.oraclecloud.com,tecimob.com.br,translate.google.com;https://chavecertaimoveisbh.com.br/,https://www.instagram.com/chavecertaimoveisbh/;
GSA Ativos;https://gsaativos.com.br/;200;Desenvolvido por: Dante Testa */;br.linkedin.com,centerminas.com,complexonavegantes.com.br,contemporaneomall.com.br,espaco356.com.br,gmpg.org,patiobelvedere.com.br,reservamall.com.br,www.linkedin.com,www.meetingshops.com.br,www.novalimamall.com.br;/alugar/,https://gsaativos.com.br/imoveis/afonso-pena-3880/,https://gsaativos.com.br/imoveis/bhm-2441-2-andar/;
Habitar Pampulha;https://habitarpampulha.com.br/;200;desenvolvimento e na capacitação de nossos colaboradores. Acreditamos que a;cdn.loftsites.com.br,cdn.vistahost.com.br,grupo.loft.com.br,loft-analytics.gtmcapital.com.br,loftcdn.gtmcapital.com.br,loftplugins.gtmcapital.com.br,plausible.io;/busca,/busca?DestaqueWeb=Sim&amp,Lancamento=Sim,/busca?finalidade=Aluguel&amp,DestaqueWeb=Sim&amp,Lancamento=Nao;Disallow: /busca/
IVI Invista Imóveis;https://invistaimoveismg.com.br/;200;Desenvolvido por ;cdn.jsdelivr.net,cliente.portalunsoft.com.br,fonts.google.com,www.universalsoftware.com.br;https://www.facebook.com/mginvista.imoveis,https://www.instagram.com/invista.imoveismg/,https://www.invistaimoveismg.com.br/;Disallow: /imovel-nao-encontrado/,Disallow: /obrigado-imovel-ideal/
Imóvel Certo BH;https://www.imovelcertobh.com.br/;200;;cliente.portalunsoft.com.br,www.hincrivel.com.br,www.redeinovaimoveis.com.br;apartamento-com-3-quartos-para-alugar-em-belo-horizonte-mg-codr-445824,apartamento-com-4-quartos-a-venda-em-belo-horizonte-mg-cods-370412,apartamento-com-4-quartos-para-alugar-em-belo-horizonte-mg-codr-370669;
JMC Imóveis;https://www.jmcimoveisbh.com.br/;200;;img.kenlo.io,static-sites.kenlo.io,www.kenlo.com.br;https://pt-br.facebook.com/www.jmcimoveisbh.com.br/,https://www.jmcimoveisbh.com.br,https://www.jmcimoveisbh.com.br/;
Lemos Imóveis;https://www.lemosimoveis.com.br/;406;;;;
Lima Imóveis Barreiro;https://www.limaimoveisbarreiro.com.br/;200;;cdn-img-src.imobibrasil.app.br,srv.imobibrasil.app,www.clarity.ms,www.google.com,www.imobibrasil.com.br;/buscar,#destaque_Venda,https://www.instagram.com/limaimoveis.barreiro/;
Luxus Imóveis Premium;https://www.luxusimoveis.com.br/;200;;d335luupugsy2.cloudfront.net,img.kenlo.io,static-sites.kenlo.io,www.kenlo.com.br;https://www.instagram.com/luxusimoveispremium/,https://www.luxusimoveis.com.br,https://www.luxusimoveis.com.br/;
Modelo Imóvel;https://modeloimovel.com.br/;200;;aluguel.loft.com.br,cdn.loftsites.com.br,grupo.loft.com.br,loft-analytics.gtmcapital.com.br,loftcdn.gtmcapital.com.br,loftplugins.gtmcapital.com.br,plausible.io;/busca,https://aluguel.loft.com.br/site/login.php?i=f623c166f19a6e89b60a20666a57ee96&amp,tipo=cliente,https://aluguel.loft.com.br/site/login.php?i=f623c166f19a6e89b60a20666a57ee96&amp,tipo=proprietario;Disallow: /busca/
Primer Imóveis;https://grupoprimerimoveis.com.br/;200;;cdn.loftsites.com.br,grupo.loft.com.br,loft-analytics.gtmcapital.com.br,loftcdn.gtmcapital.com.br,loftplugins.gtmcapital.com.br,plausible.io;/busca,/imovel/apartamento-anchieta-belo-horizonte-mg-2-quartos-GPI201719,/imovel/apartamento-boa-viagem-belo-horizonte-mg-4-quartos-GPI201520;Disallow: /busca/
Real Imobiliária;https://www.realimobiliaria.com.br/;200;Desenvolvido por ;cdn.jsdelivr.net,fonts.google.com,www.portalunsoft.com.br,www.tiktok.com,www.universalsoftware.com.br,www.youtube.com;https://www.realimobiliaria.com.br/aluguel,https://www.realimobiliaria.com.br/aluguel/apartamento,https://www.realimobiliaria.com.br/aluguel/casa;Disallow: /imovel-nao-encontrado/,Disallow: /obrigado-imovel-ideal/
Real Imóveis Pampulha;https://realimoveisbh.com.br/;200;;cdn.loftsites.com.br,grupo.loft.com.br,loft-analytics.gtmcapital.com.br,loftcdn.gtmcapital.com.br,loftplugins.gtmcapital.com.br,plausible.io;/busca,/busca?DestaqueWeb=Sim&amp,Lancamento=Sim,/busca?finalidade=Aluguel&amp,DestaqueWeb=Sim&amp,Lancamento=Nao;Disallow: /busca/
Seven Imóveis;https://sevenimoveis.com.br/;200;;cdn.loftsites.com.br,cdn.vistahost.com.br,grupo.loft.com.br,loft-analytics.gtmcapital.com.br,loftcdn.gtmcapital.com.br,loftplugins.gtmcapital.com.br,plausible.io;/busca,/busca?finalidade=Aluguel&amp,DestaqueWeb=Sim&amp,Lancamento=Nao,/busca?finalidade=Venda&amp,DestaqueWeb=Sim&amp,Lancamento=Nao;Disallow: /busca/
Simplifica Imóveis BH;https://simplificaimoveisbh.com.br/;200;Desenvolvido por ;admin.trustindex.io,cdn.trustindex.io,maps.google.com,schultzdesign.com.br,show.forms.app,wa.link,youtube.com;https://instagram.com/simplifica_imoveis?igshid=MTNiYzNiMzkwZA==,https://simplificaimoveisbh.com.br/,https://simplificaimoveisbh.com.br/comments/feed/;
Stilo Netimóveis;https://www.stilonetimoveis.com.br/;200;;facapartedanetimoveis.com.br,fotosimoveis.blob.core.windows.net,itunes.apple.com,play.google.com,www.netimoveis.com,www.youtube.com;http://facapartedanetimoveis.com.br/,https://play.google.com/store/apps/details?id=com.netimoveis.locdigital,https://www.facebook.com/netimoveisstilo;
Strutural Imobiliária;https://struturalimoveis.com.br/;200;;cdn-img-src.imobibrasil.app.br,imgs2.cdn-imobibrasil.com.br,s2.src-imobibrasil.com.br,srv.imobibrasil.app,www.imobibrasil.com.br;/buscar,https://web.whatsapp.com/send?phone=5531975082271&text=struturalimoveis.com.br/ Oi, estou em seu site e gostaria de mais detalhes.,https://www.instagram.com/strutural_imoveis/;
TOPMIG Imóveis;https://topmig.com.br/;200;;cdn.loftsites.com.br,grupo.loft.com.br,loft-analytics.gtmcapital.com.br,loftcdn.gtmcapital.com.br,loftplugins.gtmcapital.com.br,plausible.io;/busca,/busca?finalidade=Aluguel&amp,DestaqueWeb=Sim&amp,Lancamento=Nao,/busca?finalidade=Venda&amp,DestaqueWeb=Sim&amp,Lancamento=Nao;Disallow: /busca/
Venda Nova Imóveis;https://vendanovaimoveis.com.br/;200;;cdn.loftsites.com.br,grupo.loft.com.br,loft-analytics.gtmcapital.com.br,loftcdn.gtmcapital.com.br,loftplugins.gtmcapital.com.br,plausible.io;/busca,/busca?cidade=Belo+Horizonte,/busca?cidade=Ribeir%C3%A3o+das+Neves;Disallow: /busca/
